ID,stress_score
TEST_0000,0.49
TEST_0001,0.93
TEST_0002,0.28
TEST_0003,0.49
TEST_0004,0.53
TEST_0005,0.49
TEST_0006,0.76
TEST_0007,0.46
TEST_0008,0.48
TEST_0009,0.83
TEST_0010,0.84
TEST_0011,0.5
TEST_0012,0.67
TEST_0013,0.84
TEST_0014,0.7
TEST_0015,0.58
TEST_0016,0.49
TEST_0017,0.22
TEST_0018,0.54
TEST_0019,0.6
TEST_0020,0.34
TEST_0021,0.49
TEST_0022,0.52
TEST_0023,0.49
TEST_0024,0.68
TEST_0025,0.57
TEST_0026,0.49
TEST_0027,0.52
TEST_0028,0.5
TEST_0029,0.69
TEST_0030,0.48
TEST_0031,0.48
TEST_0032,0.38
TEST_0033,0.49
TEST_0034,0.49
TEST_0035,0.48
TEST_0036,0.54
TEST_0037,0.51
TEST_0038,0.54
TEST_0039,0.49
TEST_0040,0.41
TEST_0041,0.5
TEST_0042,0.84
TEST_0043,0.49
TEST_0044,0.49
TEST_0045,0.48
TEST_0046,0.34
TEST_0047,0.49
TEST_0048,0.28
TEST_0049,0.48
TEST_0050,0.57
TEST_0051,0.8
TEST_0052,0.8
TEST_0053,0.53
TEST_0054,0.49
TEST_0055,0.48
TEST_0056,0.49
TEST_0057,0.49
TEST_0058,0.32
TEST_0059,0.77
TEST_0060,0.8
TEST_0061,0.48
TEST_0062,0.92
TEST_0063,0.69
TEST_0064,0.32
TEST_0065,0.59
TEST_0066,0.48
TEST_0067,0.41
TEST_0068,0.23
TEST_0069,0.68
TEST_0070,0.51
TEST_0071,0.49
TEST_0072,0.42
TEST_0073,0.7
TEST_0074,0.44
TEST_0075,0.15
TEST_0076,0.49
TEST_0077,0.42
TEST_0078,0.51
TEST_0079,0.49
TEST_0080,0.49
TEST_0081,0.3
TEST_0082,0.48
TEST_0083,0.47
TEST_0084,0.21
TEST_0085,0.43
TEST_0086,0.39
TEST_0087,0.77
TEST_0088,0.12
TEST_0089,0.69
TEST_0090,0.51
TEST_0091,0.48
TEST_0092,0.85
TEST_0093,0.1
TEST_0094,0.38
TEST_0095,0.35
TEST_0096,0.54
TEST_0097,0.75
TEST_0098,0.12
TEST_0099,0.49
TEST_0100,0.49
TEST_0101,0.5
TEST_0102,0.85
TEST_0103,0.84
TEST_0104,0.34
TEST_0105,0.66
TEST_0106,0.51
TEST_0107,0.44
TEST_0108,0.49
TEST_0109,0.49
TEST_0110,0.48
TEST_0111,0.33
TEST_0112,0.35
TEST_0113,0.48
TEST_0114,0.38
TEST_0115,0.5
TEST_0116,0.44
TEST_0117,0.17
TEST_0118,0.89
TEST_0119,0.67
TEST_0120,0.48
TEST_0121,0.48
TEST_0122,0.5
TEST_0123,0.58
TEST_0124,0.47
TEST_0125,0.83
TEST_0126,0.7
TEST_0127,0.49
TEST_0128,0.59
TEST_0129,0.51
TEST_0130,0.49
TEST_0131,0.51
TEST_0132,0.84
TEST_0133,0.46
TEST_0134,0.76
TEST_0135,0.54
TEST_0136,0.23
TEST_0137,0.59
TEST_0138,0.1
TEST_0139,0.2
TEST_0140,0.49
TEST_0141,0.49
TEST_0142,0.45
TEST_0143,0.49
TEST_0144,0.49
TEST_0145,0.49
TEST_0146,0.41
TEST_0147,0.28
TEST_0148,0.2
TEST_0149,0.48
TEST_0150,0.49
TEST_0151,0.48
TEST_0152,0.39
TEST_0153,0.05
TEST_0154,0.49
TEST_0155,0.48
TEST_0156,0.5
TEST_0157,0.35
TEST_0158,0.36
TEST_0159,0.48
TEST_0160,0.49
TEST_0161,0.06
TEST_0162,0.46
TEST_0163,0.49
TEST_0164,0.49
TEST_0165,0.47
TEST_0166,0.51
TEST_0167,0.58
TEST_0168,0.5
TEST_0169,0.5
TEST_0170,0.61
TEST_0171,0.9
TEST_0172,0.48
TEST_0173,0.49
TEST_0174,0.55
TEST_0175,0.5
TEST_0176,0.53
TEST_0177,0.77
TEST_0178,0.47
TEST_0179,0.78
TEST_0180,0.16
TEST_0181,0.49
TEST_0182,0.46
TEST_0183,0.52
TEST_0184,0.47
TEST_0185,0.04
TEST_0186,0.68
TEST_0187,0.15
TEST_0188,0.44
TEST_0189,0.49
TEST_0190,0.45
TEST_0191,0.29
TEST_0192,0.22
TEST_0193,0.11
TEST_0194,0.41
TEST_0195,0.1
TEST_0196,0.49
TEST_0197,0.49
TEST_0198,0.48
TEST_0199,0.49
TEST_0200,0.5
TEST_0201,0.45
TEST_0202,0.33
TEST_0203,0.18
TEST_0204,0.45
TEST_0205,0.84
TEST_0206,0.36
TEST_0207,0.49
TEST_0208,0.81
TEST_0209,0.49
TEST_0210,0.49
TEST_0211,0.5
TEST_0212,0.74
TEST_0213,0.73
TEST_0214,0.87
TEST_0215,0.42
TEST_0216,0.53
TEST_0217,0.25
TEST_0218,0.45
TEST_0219,0.49
TEST_0220,0.22
TEST_0221,0.45
TEST_0222,0.51
TEST_0223,0.49
TEST_0224,0.62
TEST_0225,0.39
TEST_0226,0.43
TEST_0227,0.54
TEST_0228,0.55
TEST_0229,0.48
TEST_0230,0.49
TEST_0231,0.49
TEST_0232,0.48
TEST_0233,0.51
TEST_0234,0.47
TEST_0235,0.81
TEST_0236,0.48
TEST_0237,0.48
TEST_0238,0.38
TEST_0239,0.67
TEST_0240,0.49
TEST_0241,0.94
TEST_0242,0.49
TEST_0243,0.61
TEST_0244,0.46
TEST_0245,0.91
TEST_0246,0.49
TEST_0247,0.52
TEST_0248,0.5
TEST_0249,0.63
TEST_0250,0.39
TEST_0251,0.52
TEST_0252,0.49
TEST_0253,0.49
TEST_0254,0.32
TEST_0255,0.47
TEST_0256,0.08
TEST_0257,0.63
TEST_0258,0.5
TEST_0259,0.17
TEST_0260,0.32
TEST_0261,0.55
TEST_0262,0.48
TEST_0263,0.89
TEST_0264,0.37
TEST_0265,0.21
TEST_0266,0.21
TEST_0267,0.55
TEST_0268,0.49
TEST_0269,0.53
TEST_0270,0.49
TEST_0271,0.55
TEST_0272,0.49
TEST_0273,0.41
TEST_0274,0.49
TEST_0275,0.31
TEST_0276,0.48
TEST_0277,0.49
TEST_0278,0.49
TEST_0279,0.49
TEST_0280,0.46
TEST_0281,0.47
TEST_0282,0.49
TEST_0283,0.49
TEST_0284,0.49
TEST_0285,0.55
TEST_0286,0.49
TEST_0287,0.36
TEST_0288,0.49
TEST_0289,0.49
TEST_0290,0.41
TEST_0291,0.53
TEST_0292,0.59
TEST_0293,0.63
TEST_0294,0.49
TEST_0295,0.55
TEST_0296,0.33
TEST_0297,0.49
TEST_0298,0.91
TEST_0299,0.42
TEST_0300,0.47
TEST_0301,0.49
TEST_0302,0.75
TEST_0303,0.11
TEST_0304,0.49
TEST_0305,0.48
TEST_0306,0.92
TEST_0307,0.36
TEST_0308,0.4
TEST_0309,0.49
TEST_0310,0.47
TEST_0311,0.25
TEST_0312,0.9
TEST_0313,0.47
TEST_0314,0.92
TEST_0315,0.53
TEST_0316,0.48
TEST_0317,0.44
TEST_0318,0.49
TEST_0319,0.89
TEST_0320,0.48
TEST_0321,0.2
TEST_0322,0.59
TEST_0323,0.54
TEST_0324,0.6
TEST_0325,0.26
TEST_0326,0.57
TEST_0327,0.16
TEST_0328,0.49
TEST_0329,0.57
TEST_0330,0.44
TEST_0331,0.74
TEST_0332,0.48
TEST_0333,0.48
TEST_0334,0.48
TEST_0335,0.57
TEST_0336,0.73
TEST_0337,0.41
TEST_0338,0.94
TEST_0339,0.52
TEST_0340,0.47
TEST_0341,0.4
TEST_0342,0.48
TEST_0343,0.49
TEST_0344,0.49
TEST_0345,0.48
TEST_0346,0.47
TEST_0347,0.48
TEST_0348,0.49
TEST_0349,0.49
TEST_0350,0.49
TEST_0351,0.82
TEST_0352,0.5
TEST_0353,0.38
TEST_0354,0.51
TEST_0355,0.63
TEST_0356,0.8
TEST_0357,0.85
TEST_0358,0.35
TEST_0359,0.49
TEST_0360,0.7
TEST_0361,0.91
TEST_0362,0.69
TEST_0363,0.2
TEST_0364,0.43
TEST_0365,0.14
TEST_0366,0.43
TEST_0367,0.49
TEST_0368,0.49
TEST_0369,0.5
TEST_0370,0.45
TEST_0371,0.38
TEST_0372,0.5
TEST_0373,0.34
TEST_0374,0.49
TEST_0375,0.49
TEST_0376,0.49
TEST_0377,0.09
TEST_0378,0.89
TEST_0379,0.37
TEST_0380,0.82
TEST_0381,0.49
TEST_0382,0.2
TEST_0383,0.79
TEST_0384,0.1
TEST_0385,0.54
TEST_0386,0.45
TEST_0387,0.51
TEST_0388,0.5
TEST_0389,0.49
TEST_0390,0.5
TEST_0391,0.49
TEST_0392,0.49
TEST_0393,0.15
TEST_0394,0.12
TEST_0395,0.54
TEST_0396,0.24
TEST_0397,0.49
TEST_0398,0.08
TEST_0399,0.51
TEST_0400,0.69
TEST_0401,0.7
TEST_0402,0.33
TEST_0403,0.48
TEST_0404,0.48
TEST_0405,0.37
TEST_0406,0.49
TEST_0407,0.27
TEST_0408,0.58
TEST_0409,0.5
TEST_0410,0.49
TEST_0411,0.95
TEST_0412,0.53
TEST_0413,0.49
TEST_0414,0.47
TEST_0415,0.14
TEST_0416,0.47
TEST_0417,0.38
TEST_0418,0.14
TEST_0419,0.49
TEST_0420,0.5
TEST_0421,0.8
TEST_0422,0.49
TEST_0423,0.45
TEST_0424,0.2
TEST_0425,0.49
TEST_0426,0.51
TEST_0427,0.48
TEST_0428,0.47
TEST_0429,0.67
TEST_0430,0.08
TEST_0431,0.49
TEST_0432,0.49
TEST_0433,0.95
TEST_0434,0.78
TEST_0435,0.41
TEST_0436,0.49
TEST_0437,0.2
TEST_0438,0.49
TEST_0439,0.07
TEST_0440,0.54
TEST_0441,0.49
TEST_0442,0.5
TEST_0443,0.83
TEST_0444,0.5
TEST_0445,0.18
TEST_0446,0.48
TEST_0447,0.54
TEST_0448,0.14
TEST_0449,0.45
TEST_0450,0.51
TEST_0451,0.49
TEST_0452,0.45
TEST_0453,0.49
TEST_0454,0.66
TEST_0455,0.48
TEST_0456,0.74
TEST_0457,0.2
TEST_0458,0.5
TEST_0459,0.46
TEST_0460,0.49
TEST_0461,0.44
TEST_0462,0.49
TEST_0463,0.48
TEST_0464,0.19
TEST_0465,0.65
TEST_0466,0.92
TEST_0467,0.47
TEST_0468,0.5
TEST_0469,0.52
TEST_0470,0.68
TEST_0471,0.49
TEST_0472,0.49
TEST_0473,0.49
TEST_0474,0.48
TEST_0475,0.49
TEST_0476,0.83
TEST_0477,0.49
TEST_0478,0.11
TEST_0479,0.47
TEST_0480,0.46
TEST_0481,0.49
TEST_0482,0.48
TEST_0483,0.55
TEST_0484,0.21
TEST_0485,0.72
TEST_0486,0.33
TEST_0487,0.49
TEST_0488,0.71
TEST_0489,0.48
TEST_0490,0.49
TEST_0491,0.06
TEST_0492,0.47
TEST_0493,0.4
TEST_0494,0.5
TEST_0495,0.53
TEST_0496,0.5
TEST_0497,0.48
TEST_0498,0.96
TEST_0499,0.17
TEST_0500,0.04
TEST_0501,0.49
TEST_0502,0.49
TEST_0503,0.39
TEST_0504,0.49
TEST_0505,0.3
TEST_0506,0.62
TEST_0507,0.63
TEST_0508,0.72
TEST_0509,0.49
TEST_0510,0.48
TEST_0511,0.41
TEST_0512,0.52
TEST_0513,0.49
TEST_0514,0.5
TEST_0515,0.49
TEST_0516,0.59
TEST_0517,0.49
TEST_0518,0.47
TEST_0519,0.1
TEST_0520,0.49
TEST_0521,0.12
TEST_0522,0.49
TEST_0523,0.76
TEST_0524,0.17
TEST_0525,0.21
TEST_0526,0.15
TEST_0527,0.49
TEST_0528,0.47
TEST_0529,0.48
TEST_0530,0.49
TEST_0531,0.39
TEST_0532,0.49
TEST_0533,0.66
TEST_0534,0.51
TEST_0535,0.19
TEST_0536,0.41
TEST_0537,0.09
TEST_0538,0.35
TEST_0539,0.64
TEST_0540,0.95
TEST_0541,0.71
TEST_0542,0.49
TEST_0543,0.49
TEST_0544,0.2
TEST_0545,0.44
TEST_0546,0.49
TEST_0547,0.74
TEST_0548,0.49
TEST_0549,0.5
TEST_0550,0.21
TEST_0551,0.21
TEST_0552,0.04
TEST_0553,0.45
TEST_0554,0.05
TEST_0555,0.51
TEST_0556,0.48
TEST_0557,0.46
TEST_0558,0.66
TEST_0559,0.49
TEST_0560,0.49
TEST_0561,0.42
TEST_0562,0.25
TEST_0563,0.45
TEST_0564,0.62
TEST_0565,0.49
TEST_0566,0.54
TEST_0567,0.36
TEST_0568,0.5
TEST_0569,0.12
TEST_0570,0.79
TEST_0571,0.48
TEST_0572,0.47
TEST_0573,0.34
TEST_0574,0.2
TEST_0575,0.47
TEST_0576,0.89
TEST_0577,0.16
TEST_0578,0.49
TEST_0579,0.49
TEST_0580,0.5
TEST_0581,0.49
TEST_0582,0.48
TEST_0583,0.49
TEST_0584,0.49
TEST_0585,0.49
TEST_0586,0.69
TEST_0587,0.54
TEST_0588,0.49
TEST_0589,0.49
TEST_0590,0.57
TEST_0591,0.06
TEST_0592,0.48
TEST_0593,0.49
TEST_0594,0.88
TEST_0595,0.93
TEST_0596,0.52
TEST_0597,0.63
TEST_0598,0.49
TEST_0599,0.58
TEST_0600,0.32
TEST_0601,0.49
TEST_0602,0.48
TEST_0603,0.49
TEST_0604,0.5
TEST_0605,0.36
TEST_0606,0.51
TEST_0607,0.73
TEST_0608,0.5
TEST_0609,0.49
TEST_0610,0.25
TEST_0611,0.53
TEST_0612,0.47
TEST_0613,0.38
TEST_0614,0.46
TEST_0615,0.5
TEST_0616,0.21
TEST_0617,0.49
TEST_0618,0.47
TEST_0619,0.49
TEST_0620,0.73
TEST_0621,0.17
TEST_0622,0.48
TEST_0623,0.6
TEST_0624,0.59
TEST_0625,0.36
TEST_0626,0.19
TEST_0627,0.15
TEST_0628,0.48
TEST_0629,0.47
TEST_0630,0.49
TEST_0631,0.49
TEST_0632,0.61
TEST_0633,0.1
TEST_0634,0.44
TEST_0635,0.53
TEST_0636,0.48
TEST_0637,0.39
TEST_0638,0.54
TEST_0639,0.52
TEST_0640,0.49
TEST_0641,0.75
TEST_0642,0.49
TEST_0643,0.48
TEST_0644,0.5
TEST_0645,0.51
TEST_0646,0.28
TEST_0647,0.51
TEST_0648,0.5
TEST_0649,0.45
TEST_0650,0.16
TEST_0651,0.48
TEST_0652,0.49
TEST_0653,0.37
TEST_0654,0.51
TEST_0655,0.42
TEST_0656,0.5
TEST_0657,0.51
TEST_0658,0.34
TEST_0659,0.48
TEST_0660,0.41
TEST_0661,0.51
TEST_0662,0.49
TEST_0663,0.68
TEST_0664,0.85
TEST_0665,0.54
TEST_0666,0.49
TEST_0667,0.51
TEST_0668,0.49
TEST_0669,0.39
TEST_0670,0.49
TEST_0671,0.49
TEST_0672,0.35
TEST_0673,0.58
TEST_0674,0.5
TEST_0675,0.84
TEST_0676,0.61
TEST_0677,0.59
TEST_0678,0.49
TEST_0679,0.14
TEST_0680,0.8
TEST_0681,0.48
TEST_0682,0.75
TEST_0683,0.49
TEST_0684,0.47
TEST_0685,0.5
TEST_0686,0.67
TEST_0687,0.52
TEST_0688,0.08
TEST_0689,0.6
TEST_0690,0.48
TEST_0691,0.19
TEST_0692,0.51
TEST_0693,0.66
TEST_0694,0.68
TEST_0695,0.48
TEST_0696,0.49
TEST_0697,0.76
TEST_0698,0.49
TEST_0699,0.48
TEST_0700,0.6
TEST_0701,0.48
TEST_0702,0.83
TEST_0703,0.08
TEST_0704,0.51
TEST_0705,0.88
TEST_0706,0.83
TEST_0707,0.49
TEST_0708,0.5
TEST_0709,0.23
TEST_0710,0.95
TEST_0711,0.38
TEST_0712,0.47
TEST_0713,0.5
TEST_0714,0.52
TEST_0715,0.49
TEST_0716,0.49
TEST_0717,0.46
TEST_0718,0.49
TEST_0719,0.49
TEST_0720,0.47
TEST_0721,0.34
TEST_0722,0.5
TEST_0723,0.63
TEST_0724,0.34
TEST_0725,0.89
TEST_0726,0.52
TEST_0727,0.49
TEST_0728,0.49
TEST_0729,0.5
TEST_0730,0.63
TEST_0731,0.15
TEST_0732,0.28
TEST_0733,0.48
TEST_0734,0.5
TEST_0735,0.53
TEST_0736,0.49
TEST_0737,0.49
TEST_0738,0.78
TEST_0739,0.89
TEST_0740,0.49
TEST_0741,0.49
TEST_0742,0.49
TEST_0743,0.48
TEST_0744,0.17
TEST_0745,0.46
TEST_0746,0.47
TEST_0747,0.93
TEST_0748,0.85
TEST_0749,0.5
TEST_0750,0.47
TEST_0751,0.5
TEST_0752,0.54
TEST_0753,0.5
TEST_0754,0.49
TEST_0755,0.52
TEST_0756,0.49
TEST_0757,0.64
TEST_0758,0.07
TEST_0759,0.15
TEST_0760,0.47
TEST_0761,0.48
TEST_0762,0.32
TEST_0763,0.48
TEST_0764,0.56
TEST_0765,0.48
TEST_0766,0.48
TEST_0767,0.3
TEST_0768,0.49
TEST_0769,0.41
TEST_0770,0.7
TEST_0771,0.49
TEST_0772,0.42
TEST_0773,0.09
TEST_0774,0.51
TEST_0775,0.47
TEST_0776,0.68
TEST_0777,0.38
TEST_0778,0.48
TEST_0779,0.49
TEST_0780,0.37
TEST_0781,0.5
TEST_0782,0.48
TEST_0783,0.49
TEST_0784,0.47
TEST_0785,0.87
TEST_0786,0.26
TEST_0787,0.68
TEST_0788,0.51
TEST_0789,0.47
TEST_0790,0.57
TEST_0791,0.42
TEST_0792,0.5
TEST_0793,0.56
TEST_0794,0.48
TEST_0795,0.5
TEST_0796,0.5
TEST_0797,0.54
TEST_0798,0.47
TEST_0799,0.23
TEST_0800,0.49
TEST_0801,0.49
TEST_0802,0.48
TEST_0803,0.47
TEST_0804,0.64
TEST_0805,0.13
TEST_0806,0.7
TEST_0807,0.9
TEST_0808,0.5
TEST_0809,0.49
TEST_0810,0.79
TEST_0811,0.48
TEST_0812,0.48
TEST_0813,0.71
TEST_0814,0.69
TEST_0815,0.18
TEST_0816,0.49
TEST_0817,0.93
TEST_0818,0.9
TEST_0819,0.72
TEST_0820,0.5
TEST_0821,0.47
TEST_0822,0.4
TEST_0823,0.5
TEST_0824,0.49
TEST_0825,0.8
TEST_0826,0.49
TEST_0827,0.55
TEST_0828,0.59
TEST_0829,0.49
TEST_0830,0.15
TEST_0831,0.86
TEST_0832,0.26
TEST_0833,0.55
TEST_0834,0.24
TEST_0835,0.49
TEST_0836,0.5
TEST_0837,0.59
TEST_0838,0.06
TEST_0839,0.41
TEST_0840,0.49
TEST_0841,0.42
TEST_0842,0.79
TEST_0843,0.28
TEST_0844,0.49
TEST_0845,0.54
TEST_0846,0.41
TEST_0847,0.49
TEST_0848,0.14
TEST_0849,0.48
TEST_0850,0.39
TEST_0851,0.76
TEST_0852,0.84
TEST_0853,0.4
TEST_0854,0.49
TEST_0855,0.46
TEST_0856,0.36
TEST_0857,0.65
TEST_0858,0.33
TEST_0859,0.49
TEST_0860,0.51
TEST_0861,0.54
TEST_0862,0.77
TEST_0863,0.49
TEST_0864,0.84
TEST_0865,0.49
TEST_0866,0.43
TEST_0867,0.48
TEST_0868,0.48
TEST_0869,0.49
TEST_0870,0.5
TEST_0871,0.79
TEST_0872,0.48
TEST_0873,0.36
TEST_0874,0.5
TEST_0875,0.49
TEST_0876,0.5
TEST_0877,0.28
TEST_0878,0.49
TEST_0879,0.48
TEST_0880,0.48
TEST_0881,0.64
TEST_0882,0.57
TEST_0883,0.09
TEST_0884,0.1
TEST_0885,0.19
TEST_0886,0.8
TEST_0887,0.48
TEST_0888,0.05
TEST_0889,0.49
TEST_0890,0.49
TEST_0891,0.08
TEST_0892,0.28
TEST_0893,0.7
TEST_0894,0.51
TEST_0895,0.61
TEST_0896,0.5
TEST_0897,0.51
TEST_0898,0.75
TEST_0899,0.68
TEST_0900,0.49
TEST_0901,0.77
TEST_0902,0.55
TEST_0903,0.49
TEST_0904,0.49
TEST_0905,0.5
TEST_0906,0.6
TEST_0907,0.72
TEST_0908,0.79
TEST_0909,0.82
TEST_0910,0.47
TEST_0911,0.2
TEST_0912,0.45
TEST_0913,0.71
TEST_0914,0.1
TEST_0915,0.53
TEST_0916,0.49
TEST_0917,0.48
TEST_0918,0.47
TEST_0919,0.49
TEST_0920,0.46
TEST_0921,0.59
TEST_0922,0.75
TEST_0923,0.54
TEST_0924,0.43
TEST_0925,0.46
TEST_0926,0.74
TEST_0927,0.51
TEST_0928,0.55
TEST_0929,0.49
TEST_0930,0.39
TEST_0931,0.49
TEST_0932,0.51
TEST_0933,0.52
TEST_0934,0.48
TEST_0935,0.42
TEST_0936,0.24
TEST_0937,0.49
TEST_0938,0.15
TEST_0939,0.49
TEST_0940,0.54
TEST_0941,0.74
TEST_0942,0.54
TEST_0943,0.5
TEST_0944,0.3
TEST_0945,0.93
TEST_0946,0.5
TEST_0947,0.42
TEST_0948,0.57
TEST_0949,0.92
TEST_0950,0.84
TEST_0951,0.49
TEST_0952,0.07
TEST_0953,0.75
TEST_0954,0.52
TEST_0955,0.38
TEST_0956,0.3
TEST_0957,0.49
TEST_0958,0.47
TEST_0959,0.48
TEST_0960,0.5
TEST_0961,0.42
TEST_0962,0.5
TEST_0963,0.48
TEST_0964,0.57
TEST_0965,0.31
TEST_0966,0.26
TEST_0967,0.85
TEST_0968,0.95
TEST_0969,0.5
TEST_0970,0.41
TEST_0971,0.49
TEST_0972,0.46
TEST_0973,0.3
TEST_0974,0.5
TEST_0975,0.48
TEST_0976,0.48
TEST_0977,0.8
TEST_0978,0.43
TEST_0979,0.49
TEST_0980,0.42
TEST_0981,0.2
TEST_0982,0.5
TEST_0983,0.49
TEST_0984,0.47
TEST_0985,0.88
TEST_0986,0.52
TEST_0987,0.25
TEST_0988,0.62
TEST_0989,0.48
TEST_0990,0.59
TEST_0991,0.49
TEST_0992,0.49
TEST_0993,0.49
TEST_0994,0.21
TEST_0995,0.35
TEST_0996,0.23
TEST_0997,0.27
TEST_0998,0.5
TEST_0999,0.49
TEST_1000,0.49
TEST_1001,0.52
TEST_1002,0.2
TEST_1003,0.1
TEST_1004,0.49
TEST_1005,0.43
TEST_1006,0.18
TEST_1007,0.36
TEST_1008,0.49
TEST_1009,0.34
TEST_1010,0.22
TEST_1011,0.54
TEST_1012,0.49
TEST_1013,0.5
TEST_1014,0.54
TEST_1015,0.49
TEST_1016,0.49
TEST_1017,0.48
TEST_1018,0.48
TEST_1019,0.48
TEST_1020,0.49
TEST_1021,0.36
TEST_1022,0.4
TEST_1023,0.47
TEST_1024,0.54
TEST_1025,0.49
TEST_1026,0.72
TEST_1027,0.8
TEST_1028,0.69
TEST_1029,0.52
TEST_1030,0.49
TEST_1031,0.49
TEST_1032,0.88
TEST_1033,0.76
TEST_1034,0.55
TEST_1035,0.49
TEST_1036,0.72
TEST_1037,0.52
TEST_1038,0.48
TEST_1039,0.51
TEST_1040,0.47
TEST_1041,0.49
TEST_1042,0.48
TEST_1043,0.16
TEST_1044,0.49
TEST_1045,0.52
TEST_1046,0.32
TEST_1047,0.41
TEST_1048,0.46
TEST_1049,0.54
TEST_1050,0.49
TEST_1051,0.49
TEST_1052,0.4
TEST_1053,0.88
TEST_1054,0.18
TEST_1055,0.48
TEST_1056,0.28
TEST_1057,0.49
TEST_1058,0.68
TEST_1059,0.5
TEST_1060,0.29
TEST_1061,0.61
TEST_1062,0.5
TEST_1063,0.48
TEST_1064,0.49
TEST_1065,0.48
TEST_1066,0.5
TEST_1067,0.57
TEST_1068,0.49
TEST_1069,0.04
TEST_1070,0.53
TEST_1071,0.18
TEST_1072,0.49
TEST_1073,0.83
TEST_1074,0.72
TEST_1075,0.81
TEST_1076,0.49
TEST_1077,0.13
TEST_1078,0.46
TEST_1079,0.85
TEST_1080,0.5
TEST_1081,0.54
TEST_1082,0.48
TEST_1083,0.49
TEST_1084,0.48
TEST_1085,0.49
TEST_1086,0.54
TEST_1087,0.5
TEST_1088,0.49
TEST_1089,0.88
TEST_1090,0.5
TEST_1091,0.12
TEST_1092,0.47
TEST_1093,0.51
TEST_1094,0.49
TEST_1095,0.67
TEST_1096,0.49
TEST_1097,0.69
TEST_1098,0.18
TEST_1099,0.79
TEST_1100,0.56
TEST_1101,0.54
TEST_1102,0.5
TEST_1103,0.5
TEST_1104,0.44
TEST_1105,0.53
TEST_1106,0.58
TEST_1107,0.5
TEST_1108,0.09
TEST_1109,0.19
TEST_1110,0.48
TEST_1111,0.09
TEST_1112,0.49
TEST_1113,0.49
TEST_1114,0.48
TEST_1115,0.15
TEST_1116,0.28
TEST_1117,0.19
TEST_1118,0.19
TEST_1119,0.53
TEST_1120,0.49
TEST_1121,0.15
TEST_1122,0.51
TEST_1123,0.49
TEST_1124,0.49
TEST_1125,0.48
TEST_1126,0.95
TEST_1127,0.49
TEST_1128,0.49
TEST_1129,0.48
TEST_1130,0.48
TEST_1131,0.17
TEST_1132,0.49
TEST_1133,0.49
TEST_1134,0.48
TEST_1135,0.87
TEST_1136,0.07
TEST_1137,0.56
TEST_1138,0.15
TEST_1139,0.28
TEST_1140,0.48
TEST_1141,0.48
TEST_1142,0.49
TEST_1143,0.48
TEST_1144,0.55
TEST_1145,0.19
TEST_1146,0.82
TEST_1147,0.51
TEST_1148,0.48
TEST_1149,0.5
TEST_1150,0.69
TEST_1151,0.48
TEST_1152,0.42
TEST_1153,0.48
TEST_1154,0.48
TEST_1155,0.3
TEST_1156,0.49
TEST_1157,0.47
TEST_1158,0.68
TEST_1159,0.49
TEST_1160,0.55
TEST_1161,0.54
TEST_1162,0.18
TEST_1163,0.86
TEST_1164,0.36
TEST_1165,0.44
TEST_1166,0.25
TEST_1167,0.68
TEST_1168,0.49
TEST_1169,0.53
TEST_1170,0.72
TEST_1171,0.14
TEST_1172,0.55
TEST_1173,0.19
TEST_1174,0.62
TEST_1175,0.51
TEST_1176,0.25
TEST_1177,0.46
TEST_1178,0.49
TEST_1179,0.24
TEST_1180,0.23
TEST_1181,0.79
TEST_1182,0.48
TEST_1183,0.51
TEST_1184,0.49
TEST_1185,0.24
TEST_1186,0.48
TEST_1187,0.49
TEST_1188,0.49
TEST_1189,0.57
TEST_1190,0.49
TEST_1191,0.47
TEST_1192,0.37
TEST_1193,0.48
TEST_1194,0.24
TEST_1195,0.34
TEST_1196,0.77
TEST_1197,0.54
TEST_1198,0.19
TEST_1199,0.35
TEST_1200,0.46
TEST_1201,0.42
TEST_1202,0.46
TEST_1203,0.09
TEST_1204,0.3
TEST_1205,0.32
TEST_1206,0.49
TEST_1207,0.95
TEST_1208,0.19
TEST_1209,0.47
TEST_1210,0.48
TEST_1211,0.48
TEST_1212,0.48
TEST_1213,0.06
TEST_1214,0.51
TEST_1215,0.48
TEST_1216,0.88
TEST_1217,0.5
TEST_1218,0.47
TEST_1219,0.4
TEST_1220,0.49
TEST_1221,0.43
TEST_1222,0.49
TEST_1223,0.49
TEST_1224,0.77
TEST_1225,0.51
TEST_1226,0.31
TEST_1227,0.5
TEST_1228,0.49
TEST_1229,0.77
TEST_1230,0.79
TEST_1231,0.48
TEST_1232,0.49
TEST_1233,0.48
TEST_1234,0.57
TEST_1235,0.49
TEST_1236,0.32
TEST_1237,0.48
TEST_1238,0.32
TEST_1239,0.71
TEST_1240,0.48
TEST_1241,0.45
TEST_1242,0.94
TEST_1243,0.49
TEST_1244,0.67
TEST_1245,0.49
TEST_1246,0.29
TEST_1247,0.36
TEST_1248,0.68
TEST_1249,0.43
TEST_1250,0.48
TEST_1251,0.44
TEST_1252,0.49
TEST_1253,0.49
TEST_1254,0.51
TEST_1255,0.49
TEST_1256,0.54
TEST_1257,0.49
TEST_1258,0.17
TEST_1259,0.46
TEST_1260,0.53
TEST_1261,0.51
TEST_1262,0.48
TEST_1263,0.5
TEST_1264,0.42
TEST_1265,0.49
TEST_1266,0.48
TEST_1267,0.63
TEST_1268,0.37
TEST_1269,0.72
TEST_1270,0.46
TEST_1271,0.08
TEST_1272,0.49
TEST_1273,0.49
TEST_1274,0.48
TEST_1275,0.5
TEST_1276,0.27
TEST_1277,0.43
TEST_1278,0.48
TEST_1279,0.49
TEST_1280,0.44
TEST_1281,0.5
TEST_1282,0.17
TEST_1283,0.18
TEST_1284,0.48
TEST_1285,0.49
TEST_1286,0.49
TEST_1287,0.75
TEST_1288,0.07
TEST_1289,0.47
TEST_1290,0.48
TEST_1291,0.57
TEST_1292,0.39
TEST_1293,0.5
TEST_1294,0.48
TEST_1295,0.49
TEST_1296,0.49
TEST_1297,0.44
TEST_1298,0.67
TEST_1299,0.72
TEST_1300,0.09
TEST_1301,0.49
TEST_1302,0.65
TEST_1303,0.79
TEST_1304,0.49
TEST_1305,0.47
TEST_1306,0.52
TEST_1307,0.49
TEST_1308,0.65
TEST_1309,0.9
TEST_1310,0.55
TEST_1311,0.49
TEST_1312,0.49
TEST_1313,0.49
TEST_1314,0.85
TEST_1315,0.31
TEST_1316,0.49
TEST_1317,0.58
TEST_1318,0.49
TEST_1319,0.54
TEST_1320,0.49
TEST_1321,0.51
TEST_1322,0.24
TEST_1323,0.18
TEST_1324,0.43
TEST_1325,0.48
TEST_1326,0.35
TEST_1327,0.49
TEST_1328,0.54
TEST_1329,0.56
TEST_1330,0.92
TEST_1331,0.49
TEST_1332,0.49
TEST_1333,0.89
TEST_1334,0.07
TEST_1335,0.69
TEST_1336,0.47
TEST_1337,0.48
TEST_1338,0.49
TEST_1339,0.79
TEST_1340,0.49
TEST_1341,0.45
TEST_1342,0.49
TEST_1343,0.48
TEST_1344,0.49
TEST_1345,0.45
TEST_1346,0.85
TEST_1347,0.49
TEST_1348,0.49
TEST_1349,0.49
TEST_1350,0.28
TEST_1351,0.48
TEST_1352,0.58
TEST_1353,0.51
TEST_1354,0.95
TEST_1355,0.71
TEST_1356,0.8
TEST_1357,0.49
TEST_1358,0.78
TEST_1359,0.62
TEST_1360,0.49
TEST_1361,0.48
TEST_1362,0.47
TEST_1363,0.9
TEST_1364,0.35
TEST_1365,0.5
TEST_1366,0.49
TEST_1367,0.57
TEST_1368,0.82
TEST_1369,0.76
TEST_1370,0.75
TEST_1371,0.69
TEST_1372,0.96
TEST_1373,0.59
TEST_1374,0.49
TEST_1375,0.49
TEST_1376,0.49
TEST_1377,0.48
TEST_1378,0.19
TEST_1379,0.49
TEST_1380,0.07
TEST_1381,0.28
TEST_1382,0.61
TEST_1383,0.18
TEST_1384,0.39
TEST_1385,0.5
TEST_1386,0.12
TEST_1387,0.3
TEST_1388,0.13
TEST_1389,0.46
TEST_1390,0.48
TEST_1391,0.31
TEST_1392,0.55
TEST_1393,0.16
TEST_1394,0.21
TEST_1395,0.49
TEST_1396,0.55
TEST_1397,0.49
TEST_1398,0.88
TEST_1399,0.5
TEST_1400,0.81
TEST_1401,0.49
TEST_1402,0.33
TEST_1403,0.16
TEST_1404,0.92
TEST_1405,0.77
TEST_1406,0.7
TEST_1407,0.13
TEST_1408,0.27
TEST_1409,0.15
TEST_1410,0.29
TEST_1411,0.5
TEST_1412,0.48
TEST_1413,0.15
TEST_1414,0.49
TEST_1415,0.17
TEST_1416,0.31
TEST_1417,0.48
TEST_1418,0.85
TEST_1419,0.53
TEST_1420,0.23
TEST_1421,0.49
TEST_1422,0.67
TEST_1423,0.2
TEST_1424,0.82
TEST_1425,0.49
TEST_1426,0.2
TEST_1427,0.39
TEST_1428,0.5
TEST_1429,0.5
TEST_1430,0.49
TEST_1431,0.61
TEST_1432,0.88
TEST_1433,0.74
TEST_1434,0.45
TEST_1435,0.47
TEST_1436,0.35
TEST_1437,0.42
TEST_1438,0.37
TEST_1439,0.49
TEST_1440,0.49
TEST_1441,0.18
TEST_1442,0.49
TEST_1443,0.56
TEST_1444,0.48
TEST_1445,0.48
TEST_1446,0.77
TEST_1447,0.51
TEST_1448,0.47
TEST_1449,0.62
TEST_1450,0.45
TEST_1451,0.8
TEST_1452,0.05
TEST_1453,0.57
TEST_1454,0.48
TEST_1455,0.54
TEST_1456,0.78
TEST_1457,0.19
TEST_1458,0.46
TEST_1459,0.49
TEST_1460,0.34
TEST_1461,0.88
TEST_1462,0.52
TEST_1463,0.08
TEST_1464,0.07
TEST_1465,0.49
TEST_1466,0.95
TEST_1467,0.45
TEST_1468,0.44
TEST_1469,0.64
TEST_1470,0.33
TEST_1471,0.49
TEST_1472,0.45
TEST_1473,0.48
TEST_1474,0.48
TEST_1475,0.68
TEST_1476,0.49
TEST_1477,0.49
TEST_1478,0.49
TEST_1479,0.49
TEST_1480,0.72
TEST_1481,0.74
TEST_1482,0.49
TEST_1483,0.49
TEST_1484,0.41
TEST_1485,0.37
TEST_1486,0.48
TEST_1487,0.49
TEST_1488,0.51
TEST_1489,0.42
TEST_1490,0.48
TEST_1491,0.12
TEST_1492,0.44
TEST_1493,0.49
TEST_1494,0.84
TEST_1495,0.69
TEST_1496,0.53
TEST_1497,0.5
TEST_1498,0.57
TEST_1499,0.31
TEST_1500,0.56
TEST_1501,0.48
TEST_1502,0.3
TEST_1503,0.61
TEST_1504,0.79
TEST_1505,0.46
TEST_1506,0.49
TEST_1507,0.7
TEST_1508,0.49
TEST_1509,0.52
TEST_1510,0.88
TEST_1511,0.78
TEST_1512,0.73
TEST_1513,0.49
TEST_1514,0.75
TEST_1515,0.48
TEST_1516,0.48
TEST_1517,0.49
TEST_1518,0.64
TEST_1519,0.49
TEST_1520,0.06
TEST_1521,0.48
TEST_1522,0.49
TEST_1523,0.89
TEST_1524,0.77
TEST_1525,0.49
TEST_1526,0.49
TEST_1527,0.32
TEST_1528,0.61
TEST_1529,0.48
TEST_1530,0.46
TEST_1531,0.42
TEST_1532,0.48
TEST_1533,0.46
TEST_1534,0.34
TEST_1535,0.55
TEST_1536,0.49
TEST_1537,0.48
TEST_1538,0.49
TEST_1539,0.48
TEST_1540,0.67
TEST_1541,0.5
TEST_1542,0.51
TEST_1543,0.95
TEST_1544,0.48
TEST_1545,0.9
TEST_1546,0.64
TEST_1547,0.74
TEST_1548,0.64
TEST_1549,0.1
TEST_1550,0.48
TEST_1551,0.49
TEST_1552,0.5
TEST_1553,0.86
TEST_1554,0.54
TEST_1555,0.48
TEST_1556,0.83
TEST_1557,0.07
TEST_1558,0.47
TEST_1559,0.49
TEST_1560,0.62
TEST_1561,0.42
TEST_1562,0.49
TEST_1563,0.5
TEST_1564,0.85
TEST_1565,0.49
TEST_1566,0.26
TEST_1567,0.45
TEST_1568,0.41
TEST_1569,0.27
TEST_1570,0.54
TEST_1571,0.49
TEST_1572,0.54
TEST_1573,0.49
TEST_1574,0.49
TEST_1575,0.46
TEST_1576,0.16
TEST_1577,0.49
TEST_1578,0.49
TEST_1579,0.5
TEST_1580,0.48
TEST_1581,0.49
TEST_1582,0.06
TEST_1583,0.33
TEST_1584,0.49
TEST_1585,0.91
TEST_1586,0.05
TEST_1587,0.15
TEST_1588,0.49
TEST_1589,0.35
TEST_1590,0.12
TEST_1591,0.1
TEST_1592,0.5
TEST_1593,0.12
TEST_1594,0.49
TEST_1595,0.71
TEST_1596,0.49
TEST_1597,0.49
TEST_1598,0.5
TEST_1599,0.15
TEST_1600,0.49
TEST_1601,0.38
TEST_1602,0.06
TEST_1603,0.48
TEST_1604,0.48
TEST_1605,0.49
TEST_1606,0.44
TEST_1607,0.54
TEST_1608,0.49
TEST_1609,0.49
TEST_1610,0.5
TEST_1611,0.48
TEST_1612,0.21
TEST_1613,0.87
TEST_1614,0.5
TEST_1615,0.49
TEST_1616,0.5
TEST_1617,0.48
TEST_1618,0.49
TEST_1619,0.49
TEST_1620,0.8
TEST_1621,0.5
TEST_1622,0.49
TEST_1623,0.49
TEST_1624,0.18
TEST_1625,0.51
TEST_1626,0.41
TEST_1627,0.49
TEST_1628,0.48
TEST_1629,0.44
TEST_1630,0.56
TEST_1631,0.95
TEST_1632,0.5
TEST_1633,0.49
TEST_1634,0.51
TEST_1635,0.5
TEST_1636,0.67
TEST_1637,0.48
TEST_1638,0.49
TEST_1639,0.49
TEST_1640,0.49
TEST_1641,0.49
TEST_1642,0.64
TEST_1643,0.49
TEST_1644,0.48
TEST_1645,0.12
TEST_1646,0.48
TEST_1647,0.48
TEST_1648,0.36
TEST_1649,0.42
TEST_1650,0.55
TEST_1651,0.5
TEST_1652,0.14
TEST_1653,0.25
TEST_1654,0.49
TEST_1655,0.48
TEST_1656,0.63
TEST_1657,0.47
TEST_1658,0.47
TEST_1659,0.07
TEST_1660,0.49
TEST_1661,0.47
TEST_1662,0.49
TEST_1663,0.5
TEST_1664,0.49
TEST_1665,0.48
TEST_1666,0.49
TEST_1667,0.52
TEST_1668,0.56
TEST_1669,0.48
TEST_1670,0.4
TEST_1671,0.49
TEST_1672,0.81
TEST_1673,0.53
TEST_1674,0.49
TEST_1675,0.72
TEST_1676,0.47
TEST_1677,0.55
TEST_1678,0.56
TEST_1679,0.7
TEST_1680,0.49
TEST_1681,0.11
TEST_1682,0.49
TEST_1683,0.48
TEST_1684,0.48
TEST_1685,0.49
TEST_1686,0.61
TEST_1687,0.48
TEST_1688,0.49
TEST_1689,0.31
TEST_1690,0.6
TEST_1691,0.35
TEST_1692,0.04
TEST_1693,0.49
TEST_1694,0.49
TEST_1695,0.28
TEST_1696,0.46
TEST_1697,0.89
TEST_1698,0.49
TEST_1699,0.48
TEST_1700,0.49
TEST_1701,0.59
TEST_1702,0.49
TEST_1703,0.47
TEST_1704,0.57
TEST_1705,0.53
TEST_1706,0.48
TEST_1707,0.5
TEST_1708,0.49
TEST_1709,0.9
TEST_1710,0.89
TEST_1711,0.5
TEST_1712,0.49
TEST_1713,0.49
TEST_1714,0.33
TEST_1715,0.47
TEST_1716,0.13
TEST_1717,0.8
TEST_1718,0.49
TEST_1719,0.7
TEST_1720,0.49
TEST_1721,0.48
TEST_1722,0.47
TEST_1723,0.51
TEST_1724,0.5
TEST_1725,0.49
TEST_1726,0.24
TEST_1727,0.21
TEST_1728,0.5
TEST_1729,0.49
TEST_1730,0.2
TEST_1731,0.19
TEST_1732,0.55
TEST_1733,0.49
TEST_1734,0.18
TEST_1735,0.48
TEST_1736,0.5
TEST_1737,0.49
TEST_1738,0.82
TEST_1739,0.54
TEST_1740,0.5
TEST_1741,0.32
TEST_1742,0.8
TEST_1743,0.45
TEST_1744,0.29
TEST_1745,0.47
TEST_1746,0.34
TEST_1747,0.49
TEST_1748,0.5
TEST_1749,0.49
TEST_1750,0.69
TEST_1751,0.83
TEST_1752,0.51
TEST_1753,0.56
TEST_1754,0.95
TEST_1755,0.57
TEST_1756,0.08
TEST_1757,0.46
TEST_1758,0.52
TEST_1759,0.65
TEST_1760,0.41
TEST_1761,0.53
TEST_1762,0.76
TEST_1763,0.49
TEST_1764,0.48
TEST_1765,0.51
TEST_1766,0.49
TEST_1767,0.48
TEST_1768,0.49
TEST_1769,0.68
TEST_1770,0.48
TEST_1771,0.47
TEST_1772,0.91
TEST_1773,0.49
TEST_1774,0.48
TEST_1775,0.47
TEST_1776,0.53
TEST_1777,0.49
TEST_1778,0.65
TEST_1779,0.49
TEST_1780,0.44
TEST_1781,0.74
TEST_1782,0.49
TEST_1783,0.48
TEST_1784,0.49
TEST_1785,0.47
TEST_1786,0.48
TEST_1787,0.68
TEST_1788,0.49
TEST_1789,0.49
TEST_1790,0.49
TEST_1791,0.43
TEST_1792,0.49
TEST_1793,0.48
TEST_1794,0.51
TEST_1795,0.3
TEST_1796,0.49
TEST_1797,0.46
TEST_1798,0.5
TEST_1799,0.48
TEST_1800,0.5
TEST_1801,0.53
TEST_1802,0.76
TEST_1803,0.78
TEST_1804,0.48
TEST_1805,0.49
TEST_1806,0.36
TEST_1807,0.15
TEST_1808,0.95
TEST_1809,0.52
TEST_1810,0.77
TEST_1811,0.49
TEST_1812,0.84
TEST_1813,0.53
TEST_1814,0.55
TEST_1815,0.49
TEST_1816,0.57
TEST_1817,0.5
TEST_1818,0.31
TEST_1819,0.49
TEST_1820,0.64
TEST_1821,0.73
TEST_1822,0.49
TEST_1823,0.39
TEST_1824,0.4
TEST_1825,0.38
TEST_1826,0.49
TEST_1827,0.56
TEST_1828,0.46
TEST_1829,0.7
TEST_1830,0.52
TEST_1831,0.35
TEST_1832,0.5
TEST_1833,0.49
TEST_1834,0.6
TEST_1835,0.38
TEST_1836,0.41
TEST_1837,0.51
TEST_1838,0.84
TEST_1839,0.45
TEST_1840,0.48
TEST_1841,0.37
TEST_1842,0.09
TEST_1843,0.62
TEST_1844,0.21
TEST_1845,0.49
TEST_1846,0.7
TEST_1847,0.48
TEST_1848,0.06
TEST_1849,0.47
TEST_1850,0.79
TEST_1851,0.48
TEST_1852,0.49
TEST_1853,0.17
TEST_1854,0.49
TEST_1855,0.5
TEST_1856,0.48
TEST_1857,0.73
TEST_1858,0.49
TEST_1859,0.49
TEST_1860,0.33
TEST_1861,0.12
TEST_1862,0.49
TEST_1863,0.58
TEST_1864,0.49
TEST_1865,0.49
TEST_1866,0.54
TEST_1867,0.71
TEST_1868,0.25
TEST_1869,0.34
TEST_1870,0.37
TEST_1871,0.73
TEST_1872,0.48
TEST_1873,0.48
TEST_1874,0.48
TEST_1875,0.83
TEST_1876,0.43
TEST_1877,0.52
TEST_1878,0.31
TEST_1879,0.49
TEST_1880,0.58
TEST_1881,0.67
TEST_1882,0.46
TEST_1883,0.49
TEST_1884,0.49
TEST_1885,0.48
TEST_1886,0.49
TEST_1887,0.36
TEST_1888,0.9
TEST_1889,0.49
TEST_1890,0.49
TEST_1891,0.47
TEST_1892,0.44
TEST_1893,0.48
TEST_1894,0.48
TEST_1895,0.32
TEST_1896,0.53
TEST_1897,0.26
TEST_1898,0.59
TEST_1899,0.79
TEST_1900,0.09
TEST_1901,0.52
TEST_1902,0.74
TEST_1903,0.49
TEST_1904,0.49
TEST_1905,0.17
TEST_1906,0.48
TEST_1907,0.9
TEST_1908,0.59
TEST_1909,0.77
TEST_1910,0.25
TEST_1911,0.22
TEST_1912,0.5
TEST_1913,0.63
TEST_1914,0.85
TEST_1915,0.37
TEST_1916,0.52
TEST_1917,0.06
TEST_1918,0.49
TEST_1919,0.48
TEST_1920,0.73
TEST_1921,0.49
TEST_1922,0.41
TEST_1923,0.49
TEST_1924,0.49
TEST_1925,0.52
TEST_1926,0.17
TEST_1927,0.48
TEST_1928,0.45
TEST_1929,0.69
TEST_1930,0.53
TEST_1931,0.42
TEST_1932,0.15
TEST_1933,0.59
TEST_1934,0.16
TEST_1935,0.48
TEST_1936,0.49
TEST_1937,0.83
TEST_1938,0.68
TEST_1939,0.6
TEST_1940,0.45
TEST_1941,0.54
TEST_1942,0.48
TEST_1943,0.49
TEST_1944,0.49
TEST_1945,0.47
TEST_1946,0.48
TEST_1947,0.49
TEST_1948,0.48
TEST_1949,0.5
TEST_1950,0.68
TEST_1951,0.5
TEST_1952,0.46
TEST_1953,0.54
TEST_1954,0.49
TEST_1955,0.47
TEST_1956,0.81
TEST_1957,0.49
TEST_1958,0.48
TEST_1959,0.49
TEST_1960,0.48
TEST_1961,0.43
TEST_1962,0.52
TEST_1963,0.51
TEST_1964,0.49
TEST_1965,0.4
TEST_1966,0.56
TEST_1967,0.49
TEST_1968,0.41
TEST_1969,0.54
TEST_1970,0.48
TEST_1971,0.4
TEST_1972,0.83
TEST_1973,0.5
TEST_1974,0.49
TEST_1975,0.08
TEST_1976,0.27
TEST_1977,0.49
TEST_1978,0.77
TEST_1979,0.49
TEST_1980,0.15
TEST_1981,0.07
TEST_1982,0.87
TEST_1983,0.11
TEST_1984,0.26
TEST_1985,0.49
TEST_1986,0.48
TEST_1987,0.58
TEST_1988,0.49
TEST_1989,0.49
TEST_1990,0.49
TEST_1991,0.52
TEST_1992,0.48
TEST_1993,0.51
TEST_1994,0.5
TEST_1995,0.47
TEST_1996,0.15
TEST_1997,0.36
TEST_1998,0.5
TEST_1999,0.46
TEST_2000,0.48
TEST_2001,0.51
TEST_2002,0.69
TEST_2003,0.55
TEST_2004,0.54
TEST_2005,0.38
TEST_2006,0.48
TEST_2007,0.49
TEST_2008,0.53
TEST_2009,0.08
TEST_2010,0.44
TEST_2011,0.49
TEST_2012,0.53
TEST_2013,0.27
TEST_2014,0.48
TEST_2015,0.53
TEST_2016,0.49
TEST_2017,0.34
TEST_2018,0.49
TEST_2019,0.54
TEST_2020,0.53
TEST_2021,0.48
TEST_2022,0.49
TEST_2023,0.05
TEST_2024,0.49
TEST_2025,0.48
TEST_2026,0.49
TEST_2027,0.34
TEST_2028,0.5
TEST_2029,0.48
TEST_2030,0.19
TEST_2031,0.75
TEST_2032,0.94
TEST_2033,0.51
TEST_2034,0.49
TEST_2035,0.48
TEST_2036,0.96
TEST_2037,0.51
TEST_2038,0.48
TEST_2039,0.49
TEST_2040,0.55
TEST_2041,0.83
TEST_2042,0.75
TEST_2043,0.5
TEST_2044,0.44
TEST_2045,0.49
TEST_2046,0.49
TEST_2047,0.54
TEST_2048,0.42
TEST_2049,0.54
TEST_2050,0.48
TEST_2051,0.48
TEST_2052,0.49
TEST_2053,0.49
TEST_2054,0.63
TEST_2055,0.35
TEST_2056,0.43
TEST_2057,0.11
TEST_2058,0.52
TEST_2059,0.49
TEST_2060,0.64
TEST_2061,0.15
TEST_2062,0.48
TEST_2063,0.5
TEST_2064,0.6
TEST_2065,0.79
TEST_2066,0.87
TEST_2067,0.05
TEST_2068,0.42
TEST_2069,0.49
TEST_2070,0.48
TEST_2071,0.74
TEST_2072,0.32
TEST_2073,0.43
TEST_2074,0.18
TEST_2075,0.51
TEST_2076,0.49
TEST_2077,0.74
TEST_2078,0.49
TEST_2079,0.51
TEST_2080,0.29
TEST_2081,0.17
TEST_2082,0.49
TEST_2083,0.69
TEST_2084,0.6
TEST_2085,0.49
TEST_2086,0.7
TEST_2087,0.73
TEST_2088,0.44
TEST_2089,0.49
TEST_2090,0.47
TEST_2091,0.49
TEST_2092,0.11
TEST_2093,0.47
TEST_2094,0.36
TEST_2095,0.44
TEST_2096,0.27
TEST_2097,0.88
TEST_2098,0.56
TEST_2099,0.48
TEST_2100,0.77
TEST_2101,0.49
TEST_2102,0.49
TEST_2103,0.49
TEST_2104,0.52
TEST_2105,0.5
TEST_2106,0.3
TEST_2107,0.43
TEST_2108,0.48
TEST_2109,0.07
TEST_2110,0.37
TEST_2111,0.48
TEST_2112,0.54
TEST_2113,0.45
TEST_2114,0.48
TEST_2115,0.48
TEST_2116,0.49
TEST_2117,0.47
TEST_2118,0.66
TEST_2119,0.49
TEST_2120,0.48
TEST_2121,0.79
TEST_2122,0.42
TEST_2123,0.48
TEST_2124,0.57
TEST_2125,0.49
TEST_2126,0.15
TEST_2127,0.48
TEST_2128,0.63
TEST_2129,0.49
TEST_2130,0.49
TEST_2131,0.49
TEST_2132,0.69
TEST_2133,0.69
TEST_2134,0.5
TEST_2135,0.08
TEST_2136,0.52
TEST_2137,0.85
TEST_2138,0.48
TEST_2139,0.49
TEST_2140,0.56
TEST_2141,0.76
TEST_2142,0.48
TEST_2143,0.93
TEST_2144,0.49
TEST_2145,0.48
TEST_2146,0.48
TEST_2147,0.66
TEST_2148,0.48
TEST_2149,0.49
TEST_2150,0.94
TEST_2151,0.62
TEST_2152,0.88
TEST_2153,0.52
TEST_2154,0.08
TEST_2155,0.49
TEST_2156,0.49
TEST_2157,0.49
TEST_2158,0.69
TEST_2159,0.49
TEST_2160,0.49
TEST_2161,0.4
TEST_2162,0.21
TEST_2163,0.55
TEST_2164,0.49
TEST_2165,0.1
TEST_2166,0.49
TEST_2167,0.86
TEST_2168,0.49
TEST_2169,0.15
TEST_2170,0.45
TEST_2171,0.48
TEST_2172,0.2
TEST_2173,0.49
TEST_2174,0.49
TEST_2175,0.46
TEST_2176,0.64
TEST_2177,0.17
TEST_2178,0.95
TEST_2179,0.89
TEST_2180,0.74
TEST_2181,0.52
TEST_2182,0.41
TEST_2183,0.45
TEST_2184,0.49
TEST_2185,0.5
TEST_2186,0.52
TEST_2187,0.48
TEST_2188,0.5
TEST_2189,0.75
TEST_2190,0.2
TEST_2191,0.65
TEST_2192,0.9
TEST_2193,0.49
TEST_2194,0.16
TEST_2195,0.49
TEST_2196,0.26
TEST_2197,0.48
TEST_2198,0.88
TEST_2199,0.49
TEST_2200,0.93
TEST_2201,0.75
TEST_2202,0.46
TEST_2203,0.47
TEST_2204,0.49
TEST_2205,0.78
TEST_2206,0.5
TEST_2207,0.48
TEST_2208,0.47
TEST_2209,0.52
TEST_2210,0.49
TEST_2211,0.15
TEST_2212,0.47
TEST_2213,0.81
TEST_2214,0.11
TEST_2215,0.85
TEST_2216,0.85
TEST_2217,0.48
TEST_2218,0.48
TEST_2219,0.49
TEST_2220,0.49
TEST_2221,0.64
TEST_2222,0.67
TEST_2223,0.48
TEST_2224,0.87
TEST_2225,0.13
TEST_2226,0.11
TEST_2227,0.14
TEST_2228,0.48
TEST_2229,0.47
TEST_2230,0.49
TEST_2231,0.5
TEST_2232,0.34
TEST_2233,0.47
TEST_2234,0.55
TEST_2235,0.87
TEST_2236,0.92
TEST_2237,0.59
TEST_2238,0.49
TEST_2239,0.49
TEST_2240,0.85
TEST_2241,0.54
TEST_2242,0.56
TEST_2243,0.3
TEST_2244,0.43
TEST_2245,0.46
TEST_2246,0.49
TEST_2247,0.09
TEST_2248,0.27
TEST_2249,0.75
TEST_2250,0.48
TEST_2251,0.49
TEST_2252,0.49
TEST_2253,0.49
TEST_2254,0.7
TEST_2255,0.78
TEST_2256,0.35
TEST_2257,0.52
TEST_2258,0.78
TEST_2259,0.24
TEST_2260,0.5
TEST_2261,0.48
TEST_2262,0.49
TEST_2263,0.49
TEST_2264,0.46
TEST_2265,0.49
TEST_2266,0.7
TEST_2267,0.49
TEST_2268,0.74
TEST_2269,0.58
TEST_2270,0.37
TEST_2271,0.5
TEST_2272,0.59
TEST_2273,0.38
TEST_2274,0.46
TEST_2275,0.87
TEST_2276,0.49
TEST_2277,0.18
TEST_2278,0.25
TEST_2279,0.49
TEST_2280,0.49
TEST_2281,0.49
TEST_2282,0.65
TEST_2283,0.49
TEST_2284,0.05
TEST_2285,0.48
TEST_2286,0.48
TEST_2287,0.49
TEST_2288,0.5
TEST_2289,0.49
TEST_2290,0.46
TEST_2291,0.77
TEST_2292,0.54
TEST_2293,0.2
TEST_2294,0.33
TEST_2295,0.94
TEST_2296,0.11
TEST_2297,0.7
TEST_2298,0.9
TEST_2299,0.49
TEST_2300,0.25
TEST_2301,0.93
TEST_2302,0.61
TEST_2303,0.55
TEST_2304,0.4
TEST_2305,0.51
TEST_2306,0.55
TEST_2307,0.42
TEST_2308,0.72
TEST_2309,0.5
TEST_2310,0.49
TEST_2311,0.47
TEST_2312,0.93
TEST_2313,0.28
TEST_2314,0.49
TEST_2315,0.49
TEST_2316,0.5
TEST_2317,0.43
TEST_2318,0.21
TEST_2319,0.49
TEST_2320,0.52
TEST_2321,0.48
TEST_2322,0.48
TEST_2323,0.39
TEST_2324,0.89
TEST_2325,0.37
TEST_2326,0.49
TEST_2327,0.5
TEST_2328,0.45
TEST_2329,0.47
TEST_2330,0.49
TEST_2331,0.37
TEST_2332,0.63
TEST_2333,0.78
TEST_2334,0.66
TEST_2335,0.49
TEST_2336,0.8
TEST_2337,0.23
TEST_2338,0.54
TEST_2339,0.19
TEST_2340,0.5
TEST_2341,0.87
TEST_2342,0.85
TEST_2343,0.09
TEST_2344,0.48
TEST_2345,0.54
TEST_2346,0.53
TEST_2347,0.48
TEST_2348,0.13
TEST_2349,0.48
TEST_2350,0.49
TEST_2351,0.53
TEST_2352,0.46
TEST_2353,0.2
TEST_2354,0.49
TEST_2355,0.72
TEST_2356,0.48
TEST_2357,0.85
TEST_2358,0.49
TEST_2359,0.05
TEST_2360,0.48
TEST_2361,0.05
TEST_2362,0.52
TEST_2363,0.49
TEST_2364,0.47
TEST_2365,0.5
TEST_2366,0.49
TEST_2367,0.79
TEST_2368,0.93
TEST_2369,0.5
TEST_2370,0.75
TEST_2371,0.53
TEST_2372,0.44
TEST_2373,0.48
TEST_2374,0.5
TEST_2375,0.69
TEST_2376,0.89
TEST_2377,0.48
TEST_2378,0.25
TEST_2379,0.48
TEST_2380,0.48
TEST_2381,0.23
TEST_2382,0.48
TEST_2383,0.46
TEST_2384,0.51
TEST_2385,0.1
TEST_2386,0.29
TEST_2387,0.57
TEST_2388,0.47
TEST_2389,0.51
TEST_2390,0.5
TEST_2391,0.48
TEST_2392,0.48
TEST_2393,0.51
TEST_2394,0.47
TEST_2395,0.53
TEST_2396,0.54
TEST_2397,0.27
TEST_2398,0.46
TEST_2399,0.39
TEST_2400,0.65
TEST_2401,0.24
TEST_2402,0.41
TEST_2403,0.45
TEST_2404,0.48
TEST_2405,0.49
TEST_2406,0.49
TEST_2407,0.49
TEST_2408,0.65
TEST_2409,0.43
TEST_2410,0.48
TEST_2411,0.49
TEST_2412,0.29
TEST_2413,0.1
TEST_2414,0.49
TEST_2415,0.58
TEST_2416,0.46
TEST_2417,0.92
TEST_2418,0.42
TEST_2419,0.5
TEST_2420,0.25
TEST_2421,0.64
TEST_2422,0.52
TEST_2423,0.93
TEST_2424,0.47
TEST_2425,0.52
TEST_2426,0.12
TEST_2427,0.49
TEST_2428,0.49
TEST_2429,0.49
TEST_2430,0.48
TEST_2431,0.18
TEST_2432,0.37
TEST_2433,0.48
TEST_2434,0.58
TEST_2435,0.48
TEST_2436,0.41
TEST_2437,0.48
TEST_2438,0.75
TEST_2439,0.48
TEST_2440,0.67
TEST_2441,0.49
TEST_2442,0.23
TEST_2443,0.48
TEST_2444,0.49
TEST_2445,0.4
TEST_2446,0.49
TEST_2447,0.49
TEST_2448,0.47
TEST_2449,0.9
TEST_2450,0.3
TEST_2451,0.52
TEST_2452,0.06
TEST_2453,0.57
TEST_2454,0.49
TEST_2455,0.5
TEST_2456,0.49
TEST_2457,0.27
TEST_2458,0.05
TEST_2459,0.59
TEST_2460,0.49
TEST_2461,0.52
TEST_2462,0.49
TEST_2463,0.47
TEST_2464,0.19
TEST_2465,0.42
TEST_2466,0.66
TEST_2467,0.49
TEST_2468,0.2
TEST_2469,0.49
TEST_2470,0.49
TEST_2471,0.5
TEST_2472,0.49
TEST_2473,0.92
TEST_2474,0.68
TEST_2475,0.49
TEST_2476,0.72
TEST_2477,0.71
TEST_2478,0.43
TEST_2479,0.74
TEST_2480,0.19
TEST_2481,0.47
TEST_2482,0.49
TEST_2483,0.49
TEST_2484,0.57
TEST_2485,0.66
TEST_2486,0.49
TEST_2487,0.09
TEST_2488,0.75
TEST_2489,0.67
TEST_2490,0.51
TEST_2491,0.13
TEST_2492,0.49
TEST_2493,0.72
TEST_2494,0.66
TEST_2495,0.49
TEST_2496,0.83
TEST_2497,0.47
TEST_2498,0.49
TEST_2499,0.51
TEST_2500,0.5
TEST_2501,0.78
TEST_2502,0.9
TEST_2503,0.51
TEST_2504,0.49
TEST_2505,0.84
TEST_2506,0.52
TEST_2507,0.08
TEST_2508,0.49
TEST_2509,0.74
TEST_2510,0.48
TEST_2511,0.26
TEST_2512,0.37
TEST_2513,0.51
TEST_2514,0.49
TEST_2515,0.53
TEST_2516,0.49
TEST_2517,0.48
TEST_2518,0.69
TEST_2519,0.58
TEST_2520,0.44
TEST_2521,0.61
TEST_2522,0.55
TEST_2523,0.9
TEST_2524,0.47
TEST_2525,0.62
TEST_2526,0.18
TEST_2527,0.57
TEST_2528,0.09
TEST_2529,0.53
TEST_2530,0.61
TEST_2531,0.49
TEST_2532,0.49
TEST_2533,0.72
TEST_2534,0.48
TEST_2535,0.48
TEST_2536,0.49
TEST_2537,0.57
TEST_2538,0.12
TEST_2539,0.49
TEST_2540,0.57
TEST_2541,0.91
TEST_2542,0.5
TEST_2543,0.27
TEST_2544,0.47
TEST_2545,0.51
TEST_2546,0.48
TEST_2547,0.73
TEST_2548,0.68
TEST_2549,0.49
TEST_2550,0.4
TEST_2551,0.51
TEST_2552,0.49
TEST_2553,0.49
TEST_2554,0.34
TEST_2555,0.5
TEST_2556,0.49
TEST_2557,0.86
TEST_2558,0.95
TEST_2559,0.48
TEST_2560,0.3
TEST_2561,0.49
TEST_2562,0.27
TEST_2563,0.49
TEST_2564,0.37
TEST_2565,0.47
TEST_2566,0.51
TEST_2567,0.72
TEST_2568,0.49
TEST_2569,0.49
TEST_2570,0.48
TEST_2571,0.28
TEST_2572,0.42
TEST_2573,0.49
TEST_2574,0.49
TEST_2575,0.5
TEST_2576,0.1
TEST_2577,0.42
TEST_2578,0.38
TEST_2579,0.53
TEST_2580,0.54
TEST_2581,0.48
TEST_2582,0.48
TEST_2583,0.49
TEST_2584,0.16
TEST_2585,0.08
TEST_2586,0.43
TEST_2587,0.49
TEST_2588,0.46
TEST_2589,0.4
TEST_2590,0.87
TEST_2591,0.09
TEST_2592,0.25
TEST_2593,0.34
TEST_2594,0.29
TEST_2595,0.4
TEST_2596,0.46
TEST_2597,0.92
TEST_2598,0.48
TEST_2599,0.41
TEST_2600,0.49
TEST_2601,0.47
TEST_2602,0.64
TEST_2603,0.48
TEST_2604,0.5
TEST_2605,0.55
TEST_2606,0.59
TEST_2607,0.52
TEST_2608,0.49
TEST_2609,0.38
TEST_2610,0.52
TEST_2611,0.49
TEST_2612,0.49
TEST_2613,0.48
TEST_2614,0.46
TEST_2615,0.49
TEST_2616,0.49
TEST_2617,0.43
TEST_2618,0.48
TEST_2619,0.78
TEST_2620,0.94
TEST_2621,0.49
TEST_2622,0.48
TEST_2623,0.49
TEST_2624,0.88
TEST_2625,0.5
TEST_2626,0.37
TEST_2627,0.06
TEST_2628,0.49
TEST_2629,0.95
TEST_2630,0.93
TEST_2631,0.13
TEST_2632,0.67
TEST_2633,0.49
TEST_2634,0.51
TEST_2635,0.49
TEST_2636,0.53
TEST_2637,0.1
TEST_2638,0.48
TEST_2639,0.47
TEST_2640,0.33
TEST_2641,0.71
TEST_2642,0.48
TEST_2643,0.91
TEST_2644,0.5
TEST_2645,0.51
TEST_2646,0.49
TEST_2647,0.36
TEST_2648,0.52
TEST_2649,0.28
TEST_2650,0.48
TEST_2651,0.49
TEST_2652,0.66
TEST_2653,0.52
TEST_2654,0.53
TEST_2655,0.5
TEST_2656,0.45
TEST_2657,0.34
TEST_2658,0.5
TEST_2659,0.49
TEST_2660,0.48
TEST_2661,0.6
TEST_2662,0.77
TEST_2663,0.72
TEST_2664,0.77
TEST_2665,0.49
TEST_2666,0.5
TEST_2667,0.49
TEST_2668,0.5
TEST_2669,0.72
TEST_2670,0.46
TEST_2671,0.49
TEST_2672,0.49
TEST_2673,0.61
TEST_2674,0.49
TEST_2675,0.32
TEST_2676,0.64
TEST_2677,0.51
TEST_2678,0.92
TEST_2679,0.32
TEST_2680,0.48
TEST_2681,0.36
TEST_2682,0.49
TEST_2683,0.49
TEST_2684,0.1
TEST_2685,0.77
TEST_2686,0.2
TEST_2687,0.48
TEST_2688,0.49
TEST_2689,0.6
TEST_2690,0.48
TEST_2691,0.41
TEST_2692,0.49
TEST_2693,0.49
TEST_2694,0.09
TEST_2695,0.83
TEST_2696,0.75
TEST_2697,0.91
TEST_2698,0.12
TEST_2699,0.46
TEST_2700,0.2
TEST_2701,0.49
TEST_2702,0.54
TEST_2703,0.48
TEST_2704,0.5
TEST_2705,0.49
TEST_2706,0.49
TEST_2707,0.48
TEST_2708,0.49
TEST_2709,0.41
TEST_2710,0.48
TEST_2711,0.86
TEST_2712,0.24
TEST_2713,0.51
TEST_2714,0.51
TEST_2715,0.71
TEST_2716,0.26
TEST_2717,0.47
TEST_2718,0.91
TEST_2719,0.5
TEST_2720,0.17
TEST_2721,0.48
TEST_2722,0.45
TEST_2723,0.85
TEST_2724,0.74
TEST_2725,0.77
TEST_2726,0.74
TEST_2727,0.78
TEST_2728,0.2
TEST_2729,0.95
TEST_2730,0.49
TEST_2731,0.64
TEST_2732,0.64
TEST_2733,0.23
TEST_2734,0.39
TEST_2735,0.53
TEST_2736,0.48
TEST_2737,0.48
TEST_2738,0.49
TEST_2739,0.58
TEST_2740,0.49
TEST_2741,0.5
TEST_2742,0.08
TEST_2743,0.48
TEST_2744,0.6
TEST_2745,0.09
TEST_2746,0.28
TEST_2747,0.45
TEST_2748,0.5
TEST_2749,0.49
TEST_2750,0.51
TEST_2751,0.32
TEST_2752,0.48
TEST_2753,0.12
TEST_2754,0.48
TEST_2755,0.51
TEST_2756,0.49
TEST_2757,0.5
TEST_2758,0.76
TEST_2759,0.68
TEST_2760,0.41
TEST_2761,0.49
TEST_2762,0.49
TEST_2763,0.2
TEST_2764,0.37
TEST_2765,0.5
TEST_2766,0.47
TEST_2767,0.55
TEST_2768,0.49
TEST_2769,0.57
TEST_2770,0.5
TEST_2771,0.49
TEST_2772,0.14
TEST_2773,0.48
TEST_2774,0.29
TEST_2775,0.31
TEST_2776,0.48
TEST_2777,0.57
TEST_2778,0.31
TEST_2779,0.2
TEST_2780,0.56
TEST_2781,0.34
TEST_2782,0.57
TEST_2783,0.1
TEST_2784,0.47
TEST_2785,0.46
TEST_2786,0.51
TEST_2787,0.36
TEST_2788,0.49
TEST_2789,0.5
TEST_2790,0.33
TEST_2791,0.49
TEST_2792,0.56
TEST_2793,0.32
TEST_2794,0.45
TEST_2795,0.48
TEST_2796,0.63
TEST_2797,0.54
TEST_2798,0.49
TEST_2799,0.48
TEST_2800,0.51
TEST_2801,0.49
TEST_2802,0.53
TEST_2803,0.76
TEST_2804,0.46
TEST_2805,0.5
TEST_2806,0.37
TEST_2807,0.48
TEST_2808,0.49
TEST_2809,0.49
TEST_2810,0.41
TEST_2811,0.81
TEST_2812,0.49
TEST_2813,0.5
TEST_2814,0.48
TEST_2815,0.56
TEST_2816,0.5
TEST_2817,0.48
TEST_2818,0.55
TEST_2819,0.53
TEST_2820,0.63
TEST_2821,0.51
TEST_2822,0.11
TEST_2823,0.47
TEST_2824,0.48
TEST_2825,0.48
TEST_2826,0.12
TEST_2827,0.21
TEST_2828,0.49
TEST_2829,0.9
TEST_2830,0.47
TEST_2831,0.24
TEST_2832,0.43
TEST_2833,0.51
TEST_2834,0.48
TEST_2835,0.54
TEST_2836,0.64
TEST_2837,0.38
TEST_2838,0.72
TEST_2839,0.49
TEST_2840,0.49
TEST_2841,0.47
TEST_2842,0.06
TEST_2843,0.49
TEST_2844,0.49
TEST_2845,0.53
TEST_2846,0.49
TEST_2847,0.29
TEST_2848,0.49
TEST_2849,0.61
TEST_2850,0.49
TEST_2851,0.24
TEST_2852,0.89
TEST_2853,0.64
TEST_2854,0.5
TEST_2855,0.25
TEST_2856,0.49
TEST_2857,0.24
TEST_2858,0.5
TEST_2859,0.45
TEST_2860,0.59
TEST_2861,0.86
TEST_2862,0.83
TEST_2863,0.61
TEST_2864,0.49
TEST_2865,0.25
TEST_2866,0.49
TEST_2867,0.28
TEST_2868,0.23
TEST_2869,0.86
TEST_2870,0.33
TEST_2871,0.61
TEST_2872,0.15
TEST_2873,0.5
TEST_2874,0.73
TEST_2875,0.49
TEST_2876,0.48
TEST_2877,0.44
TEST_2878,0.48
TEST_2879,0.7
TEST_2880,0.49
TEST_2881,0.68
TEST_2882,0.92
TEST_2883,0.5
TEST_2884,0.49
TEST_2885,0.74
TEST_2886,0.67
TEST_2887,0.25
TEST_2888,0.49
TEST_2889,0.38
TEST_2890,0.48
TEST_2891,0.07
TEST_2892,0.15
TEST_2893,0.25
TEST_2894,0.57
TEST_2895,0.47
TEST_2896,0.49
TEST_2897,0.48
TEST_2898,0.49
TEST_2899,0.32
TEST_2900,0.47
TEST_2901,0.49
TEST_2902,0.49
TEST_2903,0.48
TEST_2904,0.33
TEST_2905,0.39
TEST_2906,0.49
TEST_2907,0.14
TEST_2908,0.35
TEST_2909,0.36
TEST_2910,0.48
TEST_2911,0.46
TEST_2912,0.45
TEST_2913,0.48
TEST_2914,0.65
TEST_2915,0.48
TEST_2916,0.49
TEST_2917,0.49
TEST_2918,0.48
TEST_2919,0.49
TEST_2920,0.63
TEST_2921,0.68
TEST_2922,0.49
TEST_2923,0.49
TEST_2924,0.43
TEST_2925,0.91
TEST_2926,0.54
TEST_2927,0.68
TEST_2928,0.12
TEST_2929,0.88
TEST_2930,0.61
TEST_2931,0.55
TEST_2932,0.53
TEST_2933,0.56
TEST_2934,0.5
TEST_2935,0.33
TEST_2936,0.53
TEST_2937,0.49
TEST_2938,0.73
TEST_2939,0.46
TEST_2940,0.49
TEST_2941,0.48
TEST_2942,0.84
TEST_2943,0.49
TEST_2944,0.48
TEST_2945,0.49
TEST_2946,0.5
TEST_2947,0.8
TEST_2948,0.48
TEST_2949,0.49
TEST_2950,0.77
TEST_2951,0.68
TEST_2952,0.88
TEST_2953,0.48
TEST_2954,0.96
TEST_2955,0.47
TEST_2956,0.95
TEST_2957,0.5
TEST_2958,0.49
TEST_2959,0.94
TEST_2960,0.76
TEST_2961,0.75
TEST_2962,0.49
TEST_2963,0.72
TEST_2964,0.79
TEST_2965,0.49
TEST_2966,0.48
TEST_2967,0.51
TEST_2968,0.48
TEST_2969,0.49
TEST_2970,0.86
TEST_2971,0.93
TEST_2972,0.5
TEST_2973,0.78
TEST_2974,0.81
TEST_2975,0.77
TEST_2976,0.49
TEST_2977,0.74
TEST_2978,0.48
TEST_2979,0.49
TEST_2980,0.49
TEST_2981,0.49
TEST_2982,0.8
TEST_2983,0.66
TEST_2984,0.48
TEST_2985,0.5
TEST_2986,0.8
TEST_2987,0.73
TEST_2988,0.73
TEST_2989,0.79
TEST_2990,0.74
TEST_2991,0.36
TEST_2992,0.48
TEST_2993,0.89
TEST_2994,0.5
TEST_2995,0.49
TEST_2996,0.95
TEST_2997,0.81
TEST_2998,0.5
TEST_2999,0.52
